{
    "vertexPositions" : [
    -3.31838, 5.7476, 7.42011,
    1.26751, 9.29981, 3.31837,
    7.42012, 5.7476, 3.31837,
    6.63676, -4.52995e-006, 7.42011,
    2.6226e-006, -4.52995e-006, 9.95516,
    -3.31838, -5.74761, 7.42011,
    -8.68763, -3.55222, 3.31837,
    -8.68763, 3.55215, 3.31837,
    -3.31838, 5.7476, 7.42011,
    2.6226e-006, -4.52995e-006, 9.95516,
    6.63676, -4.52995e-006, 7.42011,
    7.42012, -5.74761, 3.31837,
    1.26751, -9.29982, 3.31837,
    -3.31838, -5.74761, 7.42011,
    2.6226e-006, -4.52995e-006, 9.95516,
    7.42012, 5.7476, 3.31837,
    8.68763, 3.55221, -3.31839,
    8.68763, -3.55222, -3.31839,
    7.42012, -5.74761, 3.31837,
    6.63676, -4.52995e-006, 7.42011,
    -8.68763, 3.55215, 3.31837,
    -7.42012, 5.7476, -3.31839,
    -1.26751, 9.29981, -3.31839,
    1.26751, 9.29981, 3.31837,
    -3.31838, 5.7476, 7.42011,
    1.26751, -9.29982, 3.31837,
    -1.26751, -9.29982, -3.31839,
    -7.42012, -5.74761, -3.31839,
    -8.68763, -3.55222, 3.31837,
    -3.31838, -5.74761, 7.42011,
    1.26751, 9.29981, 3.31837,
    -1.26751, 9.29981, -3.31839,
    3.31838, 5.7476, -7.42013,
    8.68763, 3.55221, -3.31839,
    7.42012, 5.7476, 3.31837,
    8.68763, -3.55222, -3.31839,
    3.31838, -5.74761, -7.42013,
    -1.26751, -9.29982, -3.31839,
    1.26751, -9.29982, 3.31837,
    7.42012, -5.74761, 3.31837,
    -8.68763, -3.55222, 3.31837,
    -7.42012, -5.74761, -3.31839,
    -6.63676, -4.52995e-006, -7.42013,
    -7.42012, 5.7476, -3.31839,
    -8.68763, 3.55215, 3.31837,
    3.31838, 5.7476, -7.42013,
    2.6226e-006, -4.52995e-006, -9.95519,
    3.31838, -5.74761, -7.42013,
    8.68763, -3.55222, -3.31839,
    8.68763, 3.55221, -3.31839,
    -6.63676, -4.52995e-006, -7.42013,
    2.6226e-006, -4.52995e-006, -9.95519,
    3.31838, 5.7476, -7.42013,
    -1.26751, 9.29981, -3.31839,
    -7.42012, 5.7476, -3.31839,
    3.31838, -5.74761, -7.42013,
    2.6226e-006, -4.52995e-006, -9.95519,
    -6.63676, -4.52995e-006, -7.42013,
    -7.42012, -5.74761, -3.31839,
    -1.26751, -9.29982, -3.31839],
    "vertexNormals" : [
    0.303531, 0.525731, 0.794655,
    0.303531, 0.525731, 0.794655,
    0.303531, 0.525731, 0.794655,
    0.303531, 0.525731, 0.794655,
    0.303531, 0.525731, 0.794655,
    -0.607063, 4.47663e-006, 0.794654,
    -0.607063, 4.47663e-006, 0.794654,
    -0.607063, 4.47663e-006, 0.794654,
    -0.607063, 4.47663e-006, 0.794654,
    -0.607063, 4.47663e-006, 0.794654,
    0.303531, -0.525731, 0.794655,
    0.303531, -0.525731, 0.794655,
    0.303531, -0.525731, 0.794655,
    0.303531, -0.525731, 0.794655,
    0.303531, -0.525731, 0.794655,
    0.982247, -3.16696e-007, 0.187592,
    0.982247, -3.16696e-007, 0.187592,
    0.982247, -3.16696e-007, 0.187592,
    0.982247, -3.16696e-007, 0.187592,
    0.982247, -3.16696e-007, 0.187592,
    -0.491123, 0.850651, 0.187593,
    -0.491123, 0.850651, 0.187593,
    -0.491123, 0.850651, 0.187593,
    -0.491123, 0.850651, 0.187593,
    -0.491123, 0.850651, 0.187593,
    -0.491124, -0.850651, 0.187592,
    -0.491124, -0.850651, 0.187592,
    -0.491124, -0.850651, 0.187592,
    -0.491124, -0.850651, 0.187592,
    -0.491124, -0.850651, 0.187592,
    0.491123, 0.850651, -0.187593,
    0.491123, 0.850651, -0.187593,
    0.491123, 0.850651, -0.187593,
    0.491123, 0.850651, -0.187593,
    0.491123, 0.850651, -0.187593,
    0.491123, -0.850651, -0.187593,
    0.491123, -0.850651, -0.187593,
    0.491123, -0.850651, -0.187593,
    0.491123, -0.850651, -0.187593,
    0.491123, -0.850651, -0.187593,
    -0.982247, 3.16961e-007, -0.187592,
    -0.982247, 3.16961e-007, -0.187592,
    -0.982247, 3.16961e-007, -0.187592,
    -0.982247, 3.16961e-007, -0.187592,
    -0.982247, 3.16961e-007, -0.187592,
    0.607068, 0, -0.79465,
    0.607068, 0, -0.79465,
    0.607068, 0, -0.79465,
    0.607068, 0, -0.79465,
    0.607068, 0, -0.79465,
    -0.303534, 0.525736, -0.79465,
    -0.303534, 0.525736, -0.79465,
    -0.303534, 0.525736, -0.79465,
    -0.303534, 0.525736, -0.79465,
    -0.303534, 0.525736, -0.79465,
    -0.303534, -0.525736, -0.79465,
    -0.303534, -0.525736, -0.79465,
    -0.303534, -0.525736, -0.79465,
    -0.303534, -0.525736, -0.79465,
    -0.303534, -0.525736, -0.79465],
    "vertexTextureCoords" : [ 
	0.309017, 0.809017,
    0.572949, 1,
    0.927051, 0.809017,
    0.881966, 0.5,
    0.5, 0.5,
    0.309017, 0.190983,
    -9.91043e-009, 0.309017,
    -9.91043e-009, 0.69098,
    0.309017, 0.809017,
    0.5, 0.5,
    0.881966, 0.5,
    0.927051, 0.190983,
    0.572949, 4.64914e-008,
    0.309017, 0.190983,
    0.5, 0.5,
    0.927051, 0.809017,
    1, 0.690983,
    1, 0.309017,
    0.927051, 0.190983,
    0.881966, 0.5,
    -9.91043e-009, 0.69098,
    0.0729491, 0.809017,
    0.427051, 1,
    0.572949, 1,
    0.309017, 0.809017,
    0.572949, 4.64914e-008,
    0.427051, 4.64914e-008,
    0.0729491, 0.190983,
    -9.91043e-009, 0.309017,
    0.309017, 0.190983,
    0.572949, 1,
    0.427051, 1,
    0.690983, 0.809017,
    1, 0.690983,
    0.927051, 0.809017,
    1, 0.309017,
    0.690983, 0.190983,
    0.427051, 4.64914e-008,
    0.572949, 4.64914e-008,
    0.927051, 0.190983,
    -9.91043e-009, 0.309017,
    0.0729491, 0.190983,
    0.118034, 0.5,
    0.0729491, 0.809017,
    -9.91043e-009, 0.69098,
    0.690983, 0.809017,
    0.5, 0.5,
    0.690983, 0.190983,
    1, 0.309017,
    1, 0.690983,
    0.118034, 0.5,
    0.5, 0.5,
    0.690983, 0.809017,
    0.427051, 1,
    0.0729491, 0.809017,
    0.690983, 0.190983,
    0.5, 0.5,
    0.118034, 0.5,
    0.0729491, 0.190983,
    0.427051, 4.64914e-008],
    "indices" : [
	0, 2, 1,
    0, 3, 2,
    0, 4, 3,
    5, 7, 6,
    5, 8, 7,
    5, 9, 8,
    10, 12, 11,
    10, 13, 12,
    10, 14, 13,
    15, 17, 16,
    15, 18, 17,
    15, 19, 18,
    20, 22, 21,
    20, 23, 22,
    20, 24, 23,
    25, 27, 26,
    25, 28, 27,
    25, 29, 28,
    30, 32, 31,
    30, 33, 32,
    30, 34, 33,
    35, 37, 36,
    35, 38, 37,
    35, 39, 38,
    40, 42, 41,
    40, 43, 42,
    40, 44, 43,
    45, 47, 46,
    45, 48, 47,
    45, 49, 48,
    50, 52, 51,
    50, 53, 52,
    50, 54, 53,
    55, 57, 56,
    55, 58, 57,
    55, 59, 58]}